{"epoch": 0, "_timestamp": 1701615855.332192, "_runtime": 3.10739803314209, "_step": 0, "_wandb": {"runtime": 13}}